word,freq
PRODEGE ,8
GENERALE DE SANTE,3
LIQUIDITY SERVICES ,2
F2 Tech,1
SEV1 TECH,2
Sulzer ,7
Alamid ,5
MINISTERIO PUBLICO DE SANTA CATARINA ,7
Tera Comercio,2
GALAX TECNOLOGIA ,5
W2W E-COMMERCE ,5
Associacao Pai Eterno e Perpetuo Socorro,6
O ESTADO DE S. PAULO,8
Creative Hairdressers ,9
GENTAY COMMUNICATIONS,8
BeijingYuanding Technology,6
2SMS.COM ,10
Modulo Security Solutions ,4
Radian Group,1
WIREFAST LIMITED,9
CATHAY BANK,1
RH Med Consultores,5
Iq-Up ,3
Haud Systems ,8
VODIEN INTERNET SOLUTIONS,2
Julio Bogoricin Imoveis,10
DATATRADE ,3
Aspen Comercio e Servicos ,2
World Bank Group,8
Fortuna Oak ,6
LAGEN ,5
Endurance Group ,6
(CHAP) INC.,9
ABOLICAO COMERCIO DE MOTOS,8
VolumeDrive ,10
HRT O&G ,6
Transition Therapeutics Ireland ,4
SECURSTORE UK ,8
MOBARA VEICULOS ,9
SKILA,7
NIDO Informatica,3
LANE CRAWFORD DEPARTMENT STORE ,2
SYSARC,4
THALASSO N1,1
FINANCIAL CONTENT,3
FUNDACAO CULTURAL DOM MANOEL ,10
PRIVATE LAYER ,4
TELEINFO TECHNOLOGY AND SERVICES ,9
SECURITY ONLINE SOLUTIONS ,6
INTELLICOMM ,1
Tecnologia Bancaria ,3
Ashstone ,10
Light Servicos de Eletricidade ,10
VOCALCOM,6
Akella Impex ,2
ACG ADMINISTRADORA DE CARTOES ,1
Stratolaunch Systems,3
SBE Participacoes ,7
CSU Cardsystem ,5
Ennovativ,1
Orange Espagne ,8
LCR COMUNICACAO MULTIMIDIA ,5
EXP (CAPITAL) ,9
NEW GROUP TELECOMUNICACOES ,8
Select Com. e Rep. ,3
E O. X. Schuindt Lingerie,7
Droga Knox ,4
Intec Trade Inc.,6
Sosel Solucoes ,9
X PLUS ONE SOLUTIONS ,5
ABOLICAO VEICULOS ,9
DONN SOLUCOES EM TECNOLOGIA ,4
INDOPIA,6
DURAND TAVOLA INTERNET,4
Kienhuis Hoving ,2
DIRECT DATA GROUP,1
SCALA COMERCIO E SERVICOS ,10
MAXXI QUIMICA COMERCIAL ,4
NEILSON FINANCIAL SERVICES ,7
Norte Salineira ,9
MYGATE Management AG,3
Golden Cross Assistencia Internacional,6
Doji Star Graphies ,5
Telecom North America ,8
ARKIA INFORMATIESYSTEMEN,5
Buysoft do Brasil ,4
ConnectConsult ,2
SUPRANET ,4
CrossLines ,8
mt&v,10
Macron Ind. Grafica ,7